{
  "distilbert": {
    "distilbert_syn_ML_ZS_0_7_loss": 1.9798223972320557,
    "distilbert_syn_ML_ZS_0_7_macro_precision": 0.21884725678530434,
    "distilbert_syn_ML_ZS_0_7_macro_recall": 0.2489146471431888,
    "distilbert_syn_ML_ZS_0_7_macro_f1": 0.21674953356814636,
    "distilbert_syn_ML_ZS_0_7_macro_roc_auc_ovr": 0.5383035440631171,
    "distilbert_syn_ML_ZS_0_7_runtime": 0.9476,
    "distilbert_syn_ML_ZS_0_7_samples_per_second": 3739.873,
    "distilbert_syn_ML_ZS_0_7_steps_per_second": 14.774,
    "distilbert_syn_ML_ZS_0_7_epoch": 2.0
  },
  "mentalbert": {
    "mentalbert_syn_ML_ZS_0_7_loss": 2.156526565551758,
    "mentalbert_syn_ML_ZS_0_7_macro_precision": 0.22386700061804332,
    "mentalbert_syn_ML_ZS_0_7_macro_recall": 0.263777709776025,
    "mentalbert_syn_ML_ZS_0_7_macro_f1": 0.21890854061614462,
    "mentalbert_syn_ML_ZS_0_7_macro_roc_auc_ovr": 0.5695168759356736,
    "mentalbert_syn_ML_ZS_0_7_runtime": 1.3509,
    "mentalbert_syn_ML_ZS_0_7_samples_per_second": 2623.382,
    "mentalbert_syn_ML_ZS_0_7_steps_per_second": 10.363,
    "mentalbert_syn_ML_ZS_0_7_epoch": 2.0
  }
}