{
  "distilbert": {
    "distilbert_syn_ML_FS_0_6_loss": 0.9173516631126404,
    "distilbert_syn_ML_FS_0_6_macro_precision": 0.5621158451910595,
    "distilbert_syn_ML_FS_0_6_macro_recall": 0.5574106799458568,
    "distilbert_syn_ML_FS_0_6_macro_f1": 0.5566742363391076,
    "distilbert_syn_ML_FS_0_6_macro_roc_auc_ovr": 0.8513171931969369,
    "distilbert_syn_ML_FS_0_6_runtime": 1.0978,
    "distilbert_syn_ML_FS_0_6_samples_per_second": 3228.405,
    "distilbert_syn_ML_FS_0_6_steps_per_second": 12.753,
    "distilbert_syn_ML_FS_0_6_epoch": 2.0
  },
  "mentalbert": {
    "mentalbert_syn_ML_FS_0_6_loss": 0.8172438144683838,
    "mentalbert_syn_ML_FS_0_6_macro_precision": 0.6231330556009229,
    "mentalbert_syn_ML_FS_0_6_macro_recall": 0.6212727026121612,
    "mentalbert_syn_ML_FS_0_6_macro_f1": 0.6212180095390556,
    "mentalbert_syn_ML_FS_0_6_macro_roc_auc_ovr": 0.8772492655906199,
    "mentalbert_syn_ML_FS_0_6_runtime": 1.3587,
    "mentalbert_syn_ML_FS_0_6_samples_per_second": 2608.386,
    "mentalbert_syn_ML_FS_0_6_steps_per_second": 10.304,
    "mentalbert_syn_ML_FS_0_6_epoch": 2.0
  }
}